{
  "users": [
    {
      "id": 366115170645,
      "name": "Sean Maxwell",
      "email": "smaxwell@example.com",
      "created": "2024-03-22T05:14:36.252Z"
    },
    {
      "id": 310946254456,
      "name": "John Smith",
      "email": "john.smith@example.com",
      "created": "2024-03-22T05:20:55.079Z"
    },
    {
      "id": 143027113460,
      "name": "Gordan Freeman",
      "email": "nova@prospect.com",
      "created": "2024-03-22T05:42:18.895Z"
    }],

    "examples": [{
      "id":1,
      "name":"Lisa"
    },
    {
      "id":2,
      "name":"Vasya"
    },
    {
      "id":3,
      "name":"Barsik"
    },
    {
      "id":4,
      "name":"Strauss"
    }]
}